molecule_name,pIC50
CHEMBL3137312,5.499381330662415
CHEMBL1259059,6.292417060122225
CHEMBL2023898,6.0215275100126915
CHEMBL3545062,5.4085013711633865
